{"train/train_loss": 2.300467014312744, "train/train_accuracy": 0.125, "val/valid_loss": 2.3033623695373535, "val/valid_accuracy": 0.0520833320915699, "_timestamp": 1708267993.1438453, "_runtime": 67.8426902294159, "_step": 0, "test_accuracy": 0.0833333358168602, "test_loss": 2.3026440143585205, "_wandb": {"runtime": 71}}