{"train/train_loss": 2.247305965423584, "train/train_accuracy": 0.19166666666666668, "val/valid_loss": 2.3239874839782715, "val/valid_accuracy": 0.0729166641831398, "_timestamp": 1708266564.674713, "_runtime": 82.73037886619568, "_step": 0}