{"train/train_loss": 2.3464473883310952, "train/train_accuracy": 0.10416666666666667, "val/valid_loss": 2.3116066455841064, "val/valid_accuracy": 0.125, "_timestamp": 1708267429.6853359, "_runtime": 81.37206196784973, "_step": 0, "test_accuracy": 0.0729166641831398, "test_loss": 2.3836557865142822, "_wandb": {"runtime": 84}}