{"avg_train_accuracy": 0.3729166666666667, "avg_train_loss": 2.0838881452878315, "avg_valid_accuracy": 0.2968749962747097, "avg_valid_loss": 2.1652461290359497, "avg_test_accuracy": 0.3203125037252903, "avg_test_loss": 2.145205795764923, "best_test_accuracy": 0.3958333432674408, "_wandb": {"runtime": 3}}