{"train/train_loss": 2.2995394229888917, "train/train_accuracy": 0.09583333333333334, "val/valid_loss": 2.301555871963501, "val/valid_accuracy": 0.1354166716337204, "_timestamp": 1708287189.8303232, "_runtime": 62.08514618873596, "_step": 0}