{"train/train_loss": 2.2980791409810384, "train/train_accuracy": 0.15, "val/valid_loss": 2.3030292987823486, "val/valid_accuracy": 0.09375, "_timestamp": 1708278383.9893708, "_runtime": 110.26164078712463, "_step": 1, "test_accuracy": 0.1458333283662796, "test_loss": 2.3027427196502686, "_wandb": {"runtime": 113}}