{"avg_train_accuracy": 0.79375, "avg_train_loss": 1.6765963276227316, "avg_valid_accuracy": 0.5364583283662796, "avg_valid_loss": 1.9269219040870667, "avg_test_accuracy": 0.5130208358168602, "avg_test_loss": 1.9408551752567291, "best_test_accuracy": 0.5625, "_wandb": {"runtime": 4}}