{"avg_train_accuracy": 0.11041666666666666, "avg_train_loss": 2.301089588801066, "avg_valid_accuracy": 0.1093750037252903, "avg_valid_loss": 2.3024542331695557, "avg_test_accuracy": 0.1041666641831398, "avg_test_loss": 2.3030675649642944, "best_test_accuracy": 0.1041666641831398, "_wandb": {"runtime": 7}}