{"train/train_loss": 2.3003735224405926, "train/train_accuracy": 0.14583333333333334, "val/valid_loss": 2.30317759513855, "val/valid_accuracy": 0.09375, "_timestamp": 1708276128.9740417, "_runtime": 111.15073466300964, "_step": 1, "test_accuracy": 0.0729166641831398, "test_loss": 2.302624225616455, "_wandb": {"runtime": 115}}