{"avg_train_accuracy": 0.7552083333333334, "avg_train_loss": 1.7020871778329212, "avg_valid_accuracy": 0.4557291641831398, "avg_valid_loss": 1.9974038898944855, "avg_test_accuracy": 0.4557291716337204, "avg_test_loss": 2.0068317651748657, "best_test_accuracy": 0.5416666865348816, "_wandb": {"runtime": 3}}