{"avg_train_accuracy": 0.10624999999999998, "avg_train_loss": 2.297460667292277, "avg_valid_accuracy": 0.1119791679084301, "avg_valid_loss": 2.2908542156219482, "avg_test_accuracy": 0.10937499813735485, "avg_test_loss": 2.2980896830558777, "best_test_accuracy": 0.1458333283662796, "_wandb": {"runtime": 3}}