{"train/train_loss": 2.31054523785909, "train/train_accuracy": 0.125, "val/valid_loss": 2.3001668453216553, "val/valid_accuracy": 0.09375, "_timestamp": 1708283780.1568, "_runtime": 73.1229019165039, "_step": 0}