{"train/train_loss": 2.3443692843119304, "train/train_accuracy": 0.11666666666666667, "val/valid_loss": 2.3776566982269287, "val/valid_accuracy": 0.0833333358168602, "_timestamp": 1708281414.7354963, "_runtime": 174.95310831069946, "_step": 1, "test_accuracy": 0.1145833358168602, "test_loss": 2.346510171890259, "_wandb": {"runtime": 178}}