{"train/train_loss": 2.3557646751403807, "train/train_accuracy": 0.10416666666666667, "val/valid_loss": 2.315317153930664, "val/valid_accuracy": 0.1458333283662796, "_timestamp": 1708274377.7011347, "_runtime": 113.94355368614197, "_step": 1, "test_accuracy": 0.09375, "test_loss": 2.3673994541168213, "_wandb": {"runtime": 117}}