{"avg_train_accuracy": 0.4229166666666667, "avg_train_loss": 2.085502660274506, "avg_valid_accuracy": 0.3697916641831398, "avg_valid_loss": 2.1041651368141174, "avg_test_accuracy": 0.3489583358168602, "avg_test_loss": 2.1450427174568176, "best_test_accuracy": 0.40625, "_wandb": {"runtime": 3}}