{"avg_train_accuracy": 0.13125, "avg_train_loss": 2.3282676577568053, "avg_valid_accuracy": 0.13802083395421505, "avg_valid_loss": 2.320825219154358, "avg_test_accuracy": 0.125, "avg_test_loss": 2.335708200931549, "best_test_accuracy": 0.15625, "_wandb": {"runtime": 3}}